alborna = Karine Alborna <karine.alborna@smardtv.com>
aymard = Guillaume Aymard <guillaume.aymard@smardtv.com>
azan = Vincent Azan <vincent.azan@smardtv.com>
boasis = Iohann Boasis <iohann.boasis@smardtv.com>
boughdir = Anis Boughdiri <anis.boughdiri@smardtv.com>
boussaad = Lassaad Boussaada <lassaad.boussaada@smardtv.com>
cheval = Regis Cheval <regis.cheval@smardtv.com>
deschane = Gautier Deschanel <gautier.deschanel@smardtv.com>
estrabau = Fabrice Estrabau <fabrice.estrabau@smardtv.com>
garre = Arnold Garre <arnold.garre@smardtv.com>
hedhly = Saber Hedhly <saber.hedhly@smardtv.com>
khuber = Kevin Huber <kevin.huber@smardtv.com>
martin = Remy Martin <remy.martin@smardtv.com>
martinag = Michel Martinage <michel.martinage@smardtv.com>
memmi = Mouez Memmi <mouez.memmi@smardtv.com>
monnet = Eric Monnet <eric.monnet@smardtv.com>
raoux = Jerome Raoux <jerome.raoux@smardtv.com>
taiebi = Eddy Taiebi <eddy.taiebi@smardtv.com>
