kalborna = Karine Alborna <karine.alborna@smardtv.com>
gaymard = Guillaume Aymard <guillaume.aymard@smardtv.com>
azan = Vincent Azan <vincent.azan@smardtv.com>
boasis = Iohann Boasis <iohann.boasis@smardtv.com>
boughdir = Anis Boughdiri <anis.boughdiri@smardtv.com>
lboussaad = Lassaad Boussaada <lassaad.boussaada@smardtv.com>
cheval = Regis Cheval <regis.cheval@smardtv.com>
deschane = Gautier Deschanel <gautier.deschanel@smardtv.com>
gdeschane = Gautier Deschanel <gautier.deschanel@smardtv.com
festrabau = Fabrice Estrabau <fabrice.estrabau@smardtv.com>
agarre = Arnold Garre <arnold.garre@smardtv.com>
shedhli = Saber Hedhly <saber.hedhly@smardtv.com>
khuber = Kevin Huber <kevin.huber@smardtv.com>
rmartin = Remy Martin <remy.martin@smardtv.com>
mmartinag = Michel Martinage <michel.martinage@smardtv.com>
mmemmi = Mouez Memmi <mouez.memmi@smardtv.com>
monnet = Eric Monnet <eric.monnet@smardtv.com>
jraoux = Jerome Raoux <jerome.raoux@smardtv.com>
taiebi = Eddy Taiebi <eddy.taiebi@smardtv.com>
